<xml xmlns:o="urn:schemas-microsoft-com:office:office">
 <o:MainFile HRef="../Lofting_Tubing.htm"/>
 <o:File HRef="themedata.thmx"/>
 <o:File HRef="colorschememapping.xml"/>
 <o:File HRef="image001.jpg"/>
 <o:File HRef="image002.jpg"/>
 <o:File HRef="image003.emz"/>
 <o:File HRef="image004.png"/>
 <o:File HRef="image005.emz"/>
 <o:File HRef="image006.png"/>
 <o:File HRef="image007.emz"/>
 <o:File HRef="image008.png"/>
 <o:File HRef="image009.emz"/>
 <o:File HRef="image010.png"/>
 <o:File HRef="image011.emz"/>
 <o:File HRef="image012.png"/>
 <o:File HRef="image013.emz"/>
 <o:File HRef="image014.png"/>
 <o:File HRef="image015.emz"/>
 <o:File HRef="image016.png"/>
 <o:File HRef="image017.emz"/>
 <o:File HRef="image018.png"/>
 <o:File HRef="filelist.xml"/>
</xml>